{
  "custom.airhorn": { "category": "master", "sounds": [ "custom/airhorn" ] },
  "custom.alarm": { "category": "master", "sounds": [ "custom/alarm" ] },
  "custom.alert": { "category": "master", "sounds": [ "custom/alert" ] },
  "custom.americano": { "category": "master", "sounds": [ "custom/americano" ] },
  "custom.augh": { "category": "master", "sounds": [ "custom/augh" ] },
  "custom.babylaugh": { "category": "master", "sounds": [ "custom/babylaugh" ] },
  "custom.bell": { "category": "master", "sounds": [ "custom/bell" ] },
  "custom.bleep": { "category": "master", "sounds": [ "custom/bleep" ] },
  "custom.boing": { "category": "master", "sounds": [ "custom/boing" ] },
  "custom.boink": { "category": "master", "sounds": [ "custom/boink" ] },
  "custom.bong": { "category": "master", "sounds": [ "custom/bong" ] },
  "custom.bonk": { "category": "master", "sounds": [ "custom/bonk" ] },
  "custom.boom": { "category": "master", "sounds": [ "custom/boom" ] },
  "custom.boowomp": { "category": "master", "sounds": [ "custom/boowomp" ] },
  "custom.bruh": { "category": "master", "sounds": [ "custom/bruh" ] },
  "custom.buzzer": { "category": "master", "sounds": [ "custom/buzzer" ] },
  "custom.dog": { "category": "master", "sounds": [ "custom/dog" ] },
  "custom.e": { "category": "master", "sounds": [ "custom/e" ] },
  "custom.eight": { "category": "master", "sounds": [ "custom/eight" ] },
  "custom.error": { "category": "master", "sounds": [ "custom/error" ] },
  "custom.explosion": { "category": "master", "sounds": [ "custom/explosion" ] },
  "custom.familyguy": { "category": "master", "sounds": [ "custom/familyguy" ] },
  "custom.fart": { "category": "master", "sounds": [ "custom/fart" ] },
  "custom.gnome": { "category": "master", "sounds": [ "custom/gnome" ] },
  "custom.gun": { "category": "master", "sounds": [ "custom/gun" ] },
  "custom.hehehehaw": { "category": "master", "sounds": [ "custom/hehehehaw" ] },
  "custom.hitmarker": { "category": "master", "sounds": [ "custom/hitmarker" ] },
  "custom.honk": { "category": "master", "sounds": [ "custom/honk" ] },
  "custom.kaching": { "category": "master", "sounds": [ "custom/kaching" ] },
  "custom.krabs": { "category": "master", "sounds": [ "custom/krabs" ] },
  "custom.metalpipe": { "category": "master", "sounds": [ "custom/metalpipe" ] },
  "custom.necoarc": { "category": "master", "sounds": [ "custom/necoarc" ] },
  "custom.nerdhorn": { "category": "master", "sounds": [ "custom/nerdhorn" ] },
  "custom.noice": { "category": "master", "sounds": [ "custom/noice" ] },
  "custom.nope": { "category": "master", "sounds": [ "custom/nope" ] },
  "custom.oof": { "category": "master", "sounds": [ "custom/oof" ] },
  "custom.op": { "category": "master", "sounds": [ "custom/op" ] },
  "custom.pan": { "category": "master", "sounds": [ "custom/pan" ] },
  "custom.pianoriff": { "category": "master", "sounds": [ "custom/pianoriff" ] },
  "custom.pizza": { "category": "master", "sounds": [ "custom/pizza" ] },
  "custom.quack": { "category": "master", "sounds": [ "custom/quack" ] },
  "custom.recordscratch": { "category": "master", "sounds": [ "custom/recordscratch" ] },
  "custom.samsung": { "category": "master", "sounds": [ "custom/samsung" ] },
  "custom.shatter": { "category": "master", "sounds": [ "custom/shatter" ] },
  "custom.slam": { "category": "master", "sounds": [ "custom/slam" ] },
  "custom.slap": { "category": "master", "sounds": [ "custom/slap" ] },
  "custom.slapbass": { "category": "master", "sounds": [ "custom/slapbass" ] },
  "custom.slip": { "category": "master", "sounds": [ "custom/slip" ] },
  "custom.stopposting": { "category": "master", "sounds": [ "custom/stopposting" ] },
  "custom.subaluwa": { "category": "master", "sounds": [ "custom/subaluwa" ] },
  "custom.suspense": { "category": "master", "sounds": [ "custom/suspense" ] },
  "custom.tada": { "category": "master", "sounds": [ "custom/tada" ] },
  "custom.taunt": { "category": "master", "sounds": [ "custom/taunt" ] },
  "custom.tf2_crit": { "category": "master", "sounds": [ "custom/tf2_crit" ] },
  "custom.ultrainstinct": { "category": "master", "sounds": [ "custom/ultrainstinct" ] },
  "custom.waterphone": { "category": "master", "sounds": [ "custom/waterphone" ] },
  "custom.whatsapp": { "category": "master", "sounds": [ "custom/whatsapp" ] },
  "custom.whipcrack": { "category": "master", "sounds": [ "custom/whipcrack" ] },
  "custom.wowowow": { "category": "master", "sounds": [ "custom/wowowow" ] },
  "custom.yawn": { "category": "master", "sounds": [ "custom/yawn" ] },
  "custom.yoda": { "category": "master", "sounds": [ "custom/yoda" ] },
  "custom.21": { "category": "master", "sounds": [ "custom/21" ] },
  "custom.aah": { "category": "master", "sounds": [ "custom/aah" ] }
}
